"DESCRIPTION","DURATION IN MS","NAME","PARENT SUITE","START TIME","STATUS","STOP TIME","SUB SUITE","SUITE","TEST CLASS","TEST METHOD"
"","3","test_publish_with_invalid_meta","tests.relay","Tue Feb 10 04:48:20 UTC 2026","passed","Tue Feb 10 04:48:20 UTC 2026","TestRelayPublish","test_publish","",""
"","5564","test_store_with_long_string_pubsub_topic","tests.store","Tue Feb 10 04:47:27 UTC 2026","passed","Tue Feb 10 04:47:33 UTC 2026","TestTopics","test_topics","",""
"","3","test_light_push_with_missing_payload","tests.light_push","Tue Feb 10 04:44:41 UTC 2026","passed","Tue Feb 10 04:44:41 UTC 2026","TestLightPushPublish","test_publish","",""
"","373","test_filter_get_message_after_node_pauses_and_pauses","tests.filter","Tue Feb 10 04:44:29 UTC 2026","passed","Tue Feb 10 04:44:30 UTC 2026","TestFilterGetMessages","test_get_messages","",""
"","3806","test_admin_service_peers_contains_expected_addrs_and_protocols","tests.rest_flags","Tue Feb 10 04:45:23 UTC 2026","passed","Tue Feb 10 04:45:27 UTC 2026","TestAdminFlags","test_admin_flags","",""
"","17565","test_relay_2_nodes_bandwidth_low_vs_high_drain_time","tests.e2e","Tue Feb 10 04:53:01 UTC 2026","failed","Tue Feb 10 04:53:18 UTC 2026","TestNetworkConditions","test_network_conditions","",""
"","8254","test_store_with_multiple_hashes","tests.store","Tue Feb 10 04:48:16 UTC 2026","passed","Tue Feb 10 04:48:24 UTC 2026","TestHashes","test_hashes","",""
"","2628","test_single_pubsub_topic[/waku/2/rs/8/0]","tests.sharding","Tue Feb 10 04:45:37 UTC 2026","passed","Tue Feb 10 04:45:39 UTC 2026","TestRunningNodesStaticSharding","test_running_nodes_static_sharding","",""
"","9","test_filter_update_subscription_with_no_pubsub_topic","tests.filter","Tue Feb 10 04:46:56 UTC 2026","passed","Tue Feb 10 04:46:56 UTC 2026","TestFilterSubscribeUpdate","test_subscribe_update","",""
"","217","test_store_with_peerAddr","tests.store","Tue Feb 10 04:54:44 UTC 2026","passed","Tue Feb 10 04:54:44 UTC 2026","TestApiFlags","test_api_flags","",""
"","2587","test_single_pubsub_topic[/waku/2/rs/2/0]","tests.sharding","Tue Feb 10 04:49:28 UTC 2026","passed","Tue Feb 10 04:49:31 UTC 2026","TestRunningNodesStaticSharding","test_running_nodes_static_sharding","",""
"","1251","test_time_filter_negative_start_time","tests.store","Tue Feb 10 04:51:46 UTC 2026","passed","Tue Feb 10 04:51:48 UTC 2026","TestTimeFilter","test_time_filter","",""
"","228","test_filter_unsubscribe_with_very_large_request_id","tests.filter","Tue Feb 10 04:45:54 UTC 2026","passed","Tue Feb 10 04:45:54 UTC 2026","TestFilterUnSubscribe","test_unsubscribe","",""
"","138","test_light_push_and_retrieve_duplicate_message","tests.light_push","Tue Feb 10 04:53:46 UTC 2026","passed","Tue Feb 10 04:53:47 UTC 2026","TestLightPushPublish","test_publish","",""
"","4","test_filter_unsubscribe_with_no_request_id","tests.filter","Tue Feb 10 04:44:57 UTC 2026","passed","Tue Feb 10 04:44:57 UTC 2026","TestFilterUnSubscribe","test_unsubscribe","",""
"","836","test_passing_cursor_of_non_existing_message_from_the_store","tests.store","Tue Feb 10 04:45:58 UTC 2026","passed","Tue Feb 10 04:45:59 UTC 2026","TestCursor","test_cursor","",""
"","5850","test_sync_nodes_have_store_true","tests.store_sync","Tue Feb 10 04:48:19 UTC 2026","passed","Tue Feb 10 04:48:25 UTC 2026","TestStoreSync","test_store_sync","",""
"","4129","test_check_sync_when_2_nodes_publish","tests.store_sync","Tue Feb 10 04:47:13 UTC 2026","passed","Tue Feb 10 04:47:17 UTC 2026","TestStoreSync","test_store_sync","",""
"","2653","test_filter_works_with_auto_sharding","tests.sharding","Tue Feb 10 04:45:29 UTC 2026","passed","Tue Feb 10 04:45:31 UTC 2026","TestFilterAutoSharding","test_filter","",""
"","141","test_relay_unsubscribe_from_single_pubsub_topic","tests.relay","Tue Feb 10 04:45:11 UTC 2026","passed","Tue Feb 10 04:45:11 UTC 2026","TestRelaySubscribe","test_subscribe","",""
"","779","test_filter_get_message_with_valid_timestamps","tests.filter","Tue Feb 10 04:45:15 UTC 2026","passed","Tue Feb 10 04:45:15 UTC 2026","TestFilterGetMessages","test_get_messages","",""
"","843","test_invalid_hash_param","tests.store","Tue Feb 10 04:46:50 UTC 2026","passed","Tue Feb 10 04:46:51 UTC 2026","TestHashes","test_hashes","",""
"","1244","test_time_filter_zero_start_end_time","tests.store","Tue Feb 10 04:48:28 UTC 2026","passed","Tue Feb 10 04:48:29 UTC 2026","TestTimeFilter","test_time_filter","",""
"","3495","test_unsubscribe_from_all_pubsub_topics","tests.sharding","Tue Feb 10 04:51:19 UTC 2026","passed","Tue Feb 10 04:51:23 UTC 2026","TestRelayStaticSharding","test_relay_static_sharding","",""
"","835","test_store_with_duplicate_hashes","tests.store","Tue Feb 10 04:45:55 UTC 2026","passed","Tue Feb 10 04:45:56 UTC 2026","TestHashes","test_hashes","",""
"","335371","test_latency_with_load_sender_side","tests.e2e","Tue Feb 10 04:46:44 UTC 2026","passed","Tue Feb 10 04:52:20 UTC 2026","TestNetworkConditions","test_network_conditions","",""
"","9","test_filter_ping_without_request_id","tests.filter","Tue Feb 10 04:45:19 UTC 2026","passed","Tue Feb 10 04:45:19 UTC 2026","TestFilterPing","test_ping","",""
"","3949","test_store_lightpushed_message","tests.store","Tue Feb 10 04:49:35 UTC 2026","passed","Tue Feb 10 04:49:39 UTC 2026","TestRunningNodes","test_running_nodes","",""
"","4147","test_optional_nodes_not_subscribed_to_same_topic","tests.filter","Tue Feb 10 04:45:18 UTC 2026","passed","Tue Feb 10 04:45:22 UTC 2026","TestFilterMultipleNodes","test_multiple_nodes","",""
"","2667","test_2_nodes_different_cluster_same_shard","tests.sharding","Tue Feb 10 04:50:50 UTC 2026","passed","Tue Feb 10 04:50:52 UTC 2026","TestRunningNodesStaticSharding","test_running_nodes_static_sharding","",""
"","478","test_relay_subscribe_with_multiple_overlapping_pubsub_topics","tests.relay","Tue Feb 10 04:49:48 UTC 2026","passed","Tue Feb 10 04:49:49 UTC 2026","TestRelaySubscribe","test_subscribe","",""
"","4024","test_unsubscribe_from_some_pubsub_topics","tests.sharding","Tue Feb 10 04:51:14 UTC 2026","passed","Tue Feb 10 04:51:18 UTC 2026","TestRelayStaticSharding","test_relay_static_sharding","",""
"","2486","test_different_page_size[11]","tests.store","Tue Feb 10 04:54:56 UTC 2026","passed","Tue Feb 10 04:54:59 UTC 2026","TestPageSize","test_page_size","",""
"","835","test_passing_invalid_cursor","tests.store","Tue Feb 10 04:46:03 UTC 2026","passed","Tue Feb 10 04:46:03 UTC 2026","TestCursor","test_cursor","",""
"","3391","test_unsubscribe_from_non_subscribed_content_topics","tests.sharding","Tue Feb 10 04:50:45 UTC 2026","passed","Tue Feb 10 04:50:49 UTC 2026","TestRelayAutosharding","test_relay_auto_sharding","",""
"","3441","test_filter_static_sharding_multiple_shards","tests.sharding","Tue Feb 10 04:47:40 UTC 2026","passed","Tue Feb 10 04:47:43 UTC 2026","TestFilterStaticSharding","test_filter","",""
"","0","test_2_lightpush_nodes_and_2_receiving_nodes","tests.light_push","Tue Feb 10 04:44:31 UTC 2026","skipped","Tue Feb 10 04:44:31 UTC 2026","TestMultipleNodes","test_multiple_nodes","",""
"","4","test_filter_unsubscribe_with_invalid_request_id","tests.filter","Tue Feb 10 04:45:57 UTC 2026","passed","Tue Feb 10 04:45:57 UTC 2026","TestFilterUnSubscribe","test_unsubscribe","",""
"","3228","test_log_level_INFO_from_DEBUG","tests.rest_flags","Tue Feb 10 04:49:50 UTC 2026","passed","Tue Feb 10 04:49:53 UTC 2026","TestAdminFlags","test_admin_flags","",""
"","2577","test_main_node_relay_lightpush__peer_only_relay","tests.light_push","Tue Feb 10 04:45:43 UTC 2026","passed","Tue Feb 10 04:45:46 UTC 2026","TestRunningNodes","test_running_nodes","",""
"","24","test_filter_ping_on_unsubscribed_peer","tests.filter","Tue Feb 10 04:47:36 UTC 2026","passed","Tue Feb 10 04:47:36 UTC 2026","TestFilterPing","test_ping","",""
"","232","test_filter_unsubscribe_from_single_content_topic","tests.filter","Tue Feb 10 04:47:10 UTC 2026","passed","Tue Feb 10 04:47:10 UTC 2026","TestFilterUnSubscribe","test_unsubscribe","",""
"","115","test_publish_with_no_timestamp","tests.relay","Tue Feb 10 04:46:44 UTC 2026","passed","Tue Feb 10 04:46:44 UTC 2026","TestRelayPublish","test_publish","",""
"","11629","test_auto_shard_relay_10_nwaku_nodes","tests.sharding","Tue Feb 10 04:50:24 UTC 2026","passed","Tue Feb 10 04:50:36 UTC 2026","TestMultipleNodes","test_multiple_nodes","",""
"","4","test_store_with_wrong_encoding_pubsubtopic","tests.store","Tue Feb 10 04:48:35 UTC 2026","passed","Tue Feb 10 04:48:35 UTC 2026","TestTopics","test_topics","",""
"","796","test_publish_with_valid_timestamps","tests.relay","Tue Feb 10 04:48:15 UTC 2026","passed","Tue Feb 10 04:48:16 UTC 2026","TestRelayPublish","test_publish","",""
"","8522","test_store_with_hashes","tests.store","Tue Feb 10 04:45:43 UTC 2026","passed","Tue Feb 10 04:45:51 UTC 2026","TestHashes","test_hashes","",""
"","151","test_light_push_with_payload_of_150_kb","tests.light_push","Tue Feb 10 04:49:20 UTC 2026","passed","Tue Feb 10 04:49:20 UTC 2026","TestLightPushPublish","test_publish","",""
"","4881","test_get_peers_for_blank_node","tests.peer_exchange","Tue Feb 10 04:47:34 UTC 2026","passed","Tue Feb 10 04:47:39 UTC 2026","TestPeerExchange","test_peer_exchange","",""
"","36305","test_high_message_volume_sync","tests.store_sync","Tue Feb 10 04:52:41 UTC 2026","passed","Tue Feb 10 04:53:17 UTC 2026","TestStoreSync","test_store_sync","",""
"","585","test_publish_on_multiple_pubsub_topics","tests.relay","Tue Feb 10 04:46:40 UTC 2026","passed","Tue Feb 10 04:46:41 UTC 2026","TestRelayPublish","test_publish","",""
"","0","test_valid_payloads_dynamic_at_slow_rate","tests.relay","Tue Feb 10 04:44:18 UTC 2026","skipped","Tue Feb 10 04:44:18 UTC 2026","TestRelayRLN","test_rln","",""
"","1325","test_publishing_node_restarts","tests.store","Tue Feb 10 04:52:25 UTC 2026","passed","Tue Feb 10 04:52:26 UTC 2026","TestReliability","test_reliability","",""
"","7886","test_sync_flags","tests.store_sync","Tue Feb 10 04:51:55 UTC 2026","passed","Tue Feb 10 04:52:03 UTC 2026","TestStoreSync","test_store_sync","",""
"","39792","test_msg_not_stored_when_ephemeral_true","tests.e2e","Tue Feb 10 04:44:24 UTC 2026","passed","Tue Feb 10 04:45:04 UTC 2026","TestE2E","test_e2e","",""
"","2623","test_single_content_topic[/app/29/sometopic/someencoding]","tests.sharding","Tue Feb 10 04:48:06 UTC 2026","passed","Tue Feb 10 04:48:09 UTC 2026","TestRunningNodesAutosharding","test_running_nodes_auto_sharding","",""
"","1099","test_light_push_after_light_push_node_restarts","tests.light_push","Tue Feb 10 04:47:28 UTC 2026","passed","Tue Feb 10 04:47:29 UTC 2026","TestLightPushPublish","test_publish","",""
"","0","test_idle_filter_subscriptions_for_more_than_5_nodes","tests.filter","Tue Feb 10 04:45:46 UTC 2026","skipped","Tue Feb 10 04:45:46 UTC 2026","TestIdleSubscriptions","test_idle_subscriptions","",""
"","18","test_light_push_with_invalid_pubsub_topics","tests.light_push","Tue Feb 10 04:45:36 UTC 2026","passed","Tue Feb 10 04:45:36 UTC 2026","TestLightPushPublish","test_publish","",""
"","38872","test_multiple_edge_service_nodes_communication","tests.e2e","Tue Feb 10 04:43:55 UTC 2026","passed","Tue Feb 10 04:44:34 UTC 2026","TestE2E","test_e2e","",""
"","639","test_relay_unsubscribe_from_all_pubsub_topics","tests.relay","Tue Feb 10 04:46:49 UTC 2026","passed","Tue Feb 10 04:46:50 UTC 2026","TestRelaySubscribe","test_subscribe","",""
"","6234","test_metrics_initial_value","tests.metrics","Tue Feb 10 04:46:21 UTC 2026","passed","Tue Feb 10 04:46:28 UTC 2026","TestMetrics","test_metrics","",""
"","350","test_filter_resubscribe_to_unsubscribed_topics","tests.filter","Tue Feb 10 04:46:59 UTC 2026","passed","Tue Feb 10 04:47:00 UTC 2026","TestFilterUnSubscribe","test_unsubscribe","",""
"","2623","test_single_content_topic[/app/27/sometopic/someencoding]","tests.sharding","Tue Feb 10 04:45:33 UTC 2026","passed","Tue Feb 10 04:45:35 UTC 2026","TestRunningNodesAutosharding","test_running_nodes_auto_sharding","",""
"","6194","test_default_page_size","tests.store","Tue Feb 10 04:50:03 UTC 2026","passed","Tue Feb 10 04:50:10 UTC 2026","TestPageSize","test_page_size","",""
"","2622","test_retrieve_messages_without_subscribing_via_api","tests.sharding","Tue Feb 10 04:46:21 UTC 2026","passed","Tue Feb 10 04:46:23 UTC 2026","TestRelayStaticSharding","test_relay_static_sharding","",""
"","678","test_light_push_on_multiple_pubsub_topics","tests.light_push","Tue Feb 10 04:50:13 UTC 2026","passed","Tue Feb 10 04:50:13 UTC 2026","TestLightPushPublish","test_publish","",""
"","178","test_relay_get_message_while_one_peer_is_paused","tests.relay","Tue Feb 10 04:49:39 UTC 2026","passed","Tue Feb 10 04:49:39 UTC 2026","TestRelayMultipleNodes","test_multiple_nodes","",""
"","41215","test_repeated_filter_requestID","tests.e2e","Tue Feb 10 04:44:29 UTC 2026","passed","Tue Feb 10 04:45:10 UTC 2026","TestE2E","test_e2e","",""
"","6706","test_get_peers_after_node1_was_restarted","tests.peer_exchange","Tue Feb 10 04:50:05 UTC 2026","passed","Tue Feb 10 04:50:12 UTC 2026","TestPeerExchange","test_peer_exchange","",""
"","1249","test_time_filter_negative_end_time","tests.store","Tue Feb 10 04:49:11 UTC 2026","passed","Tue Feb 10 04:49:13 UTC 2026","TestTimeFilter","test_time_filter","",""
"","3945","test_main_node_only_lightpush__peer_full","tests.light_push","Tue Feb 10 04:45:03 UTC 2026","passed","Tue Feb 10 04:45:07 UTC 2026","TestRunningNodes","test_running_nodes","",""
"","7","test_store_without_pubsub_topic_and_content_topic","tests.store","Tue Feb 10 04:46:28 UTC 2026","passed","Tue Feb 10 04:46:28 UTC 2026","TestTopics","test_topics","",""
"","4992","test_admin_connected_peers_contains_peers_only","tests.rest_flags","Tue Feb 10 04:46:09 UTC 2026","passed","Tue Feb 10 04:46:14 UTC 2026","TestAdminFlags","test_admin_flags","",""
"","4","test_filter_get_message_with_extra_field","tests.filter","Tue Feb 10 04:48:55 UTC 2026","passed","Tue Feb 10 04:48:55 UTC 2026","TestFilterGetMessages","test_get_messages","",""
"","2617","test_single_pubsub_topic[/waku/2/rs/5/0]","tests.sharding","Tue Feb 10 04:47:35 UTC 2026","passed","Tue Feb 10 04:47:38 UTC 2026","TestRunningNodesStaticSharding","test_running_nodes_static_sharding","",""
"","144","test_filter_update_subscription_refresh_existing","tests.filter","Tue Feb 10 04:47:48 UTC 2026","passed","Tue Feb 10 04:47:48 UTC 2026","TestFilterSubscribeUpdate","test_subscribe_update","",""
"","777","test_publishing_node_is_stopped","tests.store","Tue Feb 10 04:55:08 UTC 2026","passed","Tue Feb 10 04:55:09 UTC 2026","TestReliability","test_reliability","",""
"","909","test_light_push_with_valid_timestamps","tests.light_push","Tue Feb 10 04:50:19 UTC 2026","passed","Tue Feb 10 04:50:20 UTC 2026","TestLightPushPublish","test_publish","",""
"","9","test_filter_subscribe_with_no_pubsub_topic","tests.filter","Tue Feb 10 04:45:27 UTC 2026","passed","Tue Feb 10 04:45:27 UTC 2026","TestFilterSubscribeCreate","test_subscribe_create","",""
"","2078","test_cursor_pointing_to_deleted_message","tests.store","Tue Feb 10 04:47:49 UTC 2026","passed","Tue Feb 10 04:47:51 UTC 2026","TestCursor","test_cursor","",""
"","215","test_get_store_message_with_meta","tests.store","Tue Feb 10 04:45:59 UTC 2026","passed","Tue Feb 10 04:45:59 UTC 2026","TestGetMessages","test_get_messages","",""
"","7","test_store_with_unknown_content_topic","tests.store","Tue Feb 10 04:47:22 UTC 2026","passed","Tue Feb 10 04:47:22 UTC 2026","TestTopics","test_topics","",""
"","2081","test_store_sort_ascending[true]","tests.store","Tue Feb 10 04:47:09 UTC 2026","passed","Tue Feb 10 04:47:11 UTC 2026","TestSorting","test_sorting","",""
"","2712","test_subscribe_and_publish_on_another_content_topic_from_another_shard","tests.sharding","Tue Feb 10 04:47:48 UTC 2026","passed","Tue Feb 10 04:47:51 UTC 2026","TestRelayAutosharding","test_relay_auto_sharding","",""
"","2616","test_content_topic_and_pubsub_topic_not_in_docker_flags","tests.sharding","Tue Feb 10 04:46:33 UTC 2026","passed","Tue Feb 10 04:46:35 UTC 2026","TestRunningNodesAutosharding","test_running_nodes_auto_sharding","",""
"","1126","test_filter_unsubscribe_all_from_few_content_topics","tests.filter","Tue Feb 10 04:44:29 UTC 2026","passed","Tue Feb 10 04:44:30 UTC 2026","TestFilterUnSubscribeAll","test_unsubscribe_all","",""
"","3512","test_filter_auto_sharding_multiple_content_topics","tests.sharding","Tue Feb 10 04:45:28 UTC 2026","passed","Tue Feb 10 04:45:32 UTC 2026","TestFilterAutoSharding","test_filter","",""
"","2606","test_single_content_topic[/myapp/1/latest/proto]","tests.sharding","Tue Feb 10 04:49:21 UTC 2026","passed","Tue Feb 10 04:49:23 UTC 2026","TestRunningNodesAutosharding","test_running_nodes_auto_sharding","",""
"","1250","test_time_filter_end_time_now","tests.store","Tue Feb 10 04:46:14 UTC 2026","passed","Tue Feb 10 04:46:15 UTC 2026","TestTimeFilter","test_time_filter","",""
"","1250","test_time_filter_matches_no_message","tests.store","Tue Feb 10 04:46:11 UTC 2026","passed","Tue Feb 10 04:46:13 UTC 2026","TestTimeFilter","test_time_filter","",""
"","125","test_relay_subscribe_to_single_pubsub_topic","tests.relay","Tue Feb 10 04:45:23 UTC 2026","passed","Tue Feb 10 04:45:23 UTC 2026","TestRelaySubscribe","test_subscribe","",""
"","4544","test_publish_with_valid_content_topics","tests.relay","Tue Feb 10 04:45:10 UTC 2026","passed","Tue Feb 10 04:45:14 UTC 2026","TestRelayPublish","test_publish","",""
"","835","test_store_with_wrong_hash","tests.store","Tue Feb 10 04:48:05 UTC 2026","passed","Tue Feb 10 04:48:05 UTC 2026","TestHashes","test_hashes","",""
"","2610","test_single_pubsub_topic[/waku/2/rs/5/1]","tests.sharding","Tue Feb 10 04:48:14 UTC 2026","passed","Tue Feb 10 04:48:16 UTC 2026","TestRunningNodesStaticSharding","test_running_nodes_static_sharding","",""
"","20720","test_different_page_size[99]","tests.store","Tue Feb 10 04:51:14 UTC 2026","passed","Tue Feb 10 04:51:35 UTC 2026","TestPageSize","test_page_size","",""
"","0","test_valid_payloads_random_epoch_at_slow_rate","tests.relay","Tue Feb 10 04:44:18 UTC 2026","skipped","Tue Feb 10 04:44:18 UTC 2026","TestRelayRLN","test_rln","",""
"","6","test_relay_subscribe_with_empty_pubsub_topic_list","tests.relay","Tue Feb 10 04:46:07 UTC 2026","passed","Tue Feb 10 04:46:07 UTC 2026","TestRelaySubscribe","test_subscribe","",""
"","5882","test_sync_nodes_are_not_relay_and_have_storenode_set","tests.store_sync","Tue Feb 10 04:48:26 UTC 2026","passed","Tue Feb 10 04:48:32 UTC 2026","TestStoreSync","test_store_sync","",""
"","8623","test_get_store_messages_with_different_payloads","tests.store","Tue Feb 10 04:48:50 UTC 2026","passed","Tue Feb 10 04:48:59 UTC 2026","TestGetMessages","test_get_messages","",""
"","1715","test_get_store_messages_with_different_content_topics","tests.store","Tue Feb 10 04:49:02 UTC 2026","passed","Tue Feb 10 04:49:04 UTC 2026","TestGetMessages","test_get_messages","",""
"","132","test_first_node_to_start_publishes","tests.relay","Tue Feb 10 04:44:49 UTC 2026","passed","Tue Feb 10 04:44:49 UTC 2026","TestRelayMultipleNodes","test_multiple_nodes","",""
"","3338","test_subscribe_via_api_to_new_content_topics[content_topic_list1]","tests.sharding","Tue Feb 10 04:45:33 UTC 2026","passed","Tue Feb 10 04:45:36 UTC 2026","TestRelayAutosharding","test_relay_auto_sharding","",""
"","1251","test_time_filter_zero_start_time","tests.store","Tue Feb 10 04:46:23 UTC 2026","passed","Tue Feb 10 04:46:24 UTC 2026","TestTimeFilter","test_time_filter","",""
"","0","test_idle_filter_subscriptions_after_node_disconnection","tests.filter","Tue Feb 10 04:44:31 UTC 2026","skipped","Tue Feb 10 04:44:31 UTC 2026","TestIdleSubscriptions","test_idle_subscriptions","",""
"","19","test_light_push_with_invalid_content_topics","tests.light_push","Tue Feb 10 04:46:20 UTC 2026","passed","Tue Feb 10 04:46:20 UTC 2026","TestLightPushPublish","test_publish","",""
"","24905","test_different_cursor_and_indexes[110-120]","tests.store","Tue Feb 10 04:46:39 UTC 2026","passed","Tue Feb 10 04:47:04 UTC 2026","TestCursor","test_cursor","",""
"","1196","test_verify_node_info","tests.rest_flags","Tue Feb 10 04:47:38 UTC 2026","passed","Tue Feb 10 04:47:39 UTC 2026","TestDebugFlags","test_debug_flags","",""
"","211","test_get_store_messages_with_wrong_typo_content_topic","tests.store","Tue Feb 10 04:47:46 UTC 2026","passed","Tue Feb 10 04:47:46 UTC 2026","TestApiFlags","test_api_flags","",""
"","0","test_use_persistent_storage_survive_restart","tests.peer_connection_management","Tue Feb 10 04:46:32 UTC 2026","skipped","Tue Feb 10 04:46:32 UTC 2026","TestPeerStore","test_peer_store","",""
"","2503","test_admin_filter_subscriptions_shape","tests.rest_flags","Tue Feb 10 04:47:46 UTC 2026","passed","Tue Feb 10 04:47:49 UTC 2026","TestAdminFlags","test_admin_flags","",""
"","2630","test_content_topic_also_in_docker_flags[/aaaaa/3/bbbbb/proto]","tests.sharding","Tue Feb 10 04:54:38 UTC 2026","passed","Tue Feb 10 04:54:41 UTC 2026","TestRunningNodesStaticSharding","test_running_nodes_static_sharding","",""
"","37755","test_store_node_not_connected_directly_to_lightpushing_node","tests.e2e","Tue Feb 10 04:43:46 UTC 2026","passed","Tue Feb 10 04:44:24 UTC 2026","TestE2E","test_e2e","",""
"","261","test_light_push_with_ephemeral","tests.light_push","Tue Feb 10 04:44:57 UTC 2026","passed","Tue Feb 10 04:44:57 UTC 2026","TestLightPushPublish","test_publish","",""
"","13554","test_filter_subscribe_to_100_content_topics_in_one_call","tests.filter","Tue Feb 10 04:44:39 UTC 2026","passed","Tue Feb 10 04:44:53 UTC 2026","TestFilterSubscribeCreate","test_subscribe_create","",""
"","34795","test_three_store_sync_exchange","tests.store_sync","Tue Feb 10 04:49:13 UTC 2026","passed","Tue Feb 10 04:49:48 UTC 2026","TestStoreSync","test_store_sync","",""
"","1250","test_time_filter_matches_multiple_messages","tests.store","Tue Feb 10 04:47:19 UTC 2026","passed","Tue Feb 10 04:47:20 UTC 2026","TestTimeFilter","test_time_filter","",""
"","8375","test_store_include_data","tests.store","Tue Feb 10 04:45:38 UTC 2026","passed","Tue Feb 10 04:45:47 UTC 2026","TestApiFlags","test_api_flags","",""
"","2651","test_single_content_topic[/statusim/1/community/cbor]","tests.sharding","Tue Feb 10 04:46:29 UTC 2026","passed","Tue Feb 10 04:46:32 UTC 2026","TestRunningNodesAutosharding","test_running_nodes_auto_sharding","",""
"","3862","test_ping_only_some_nodes_have_subscriptions","tests.filter","Tue Feb 10 04:44:20 UTC 2026","passed","Tue Feb 10 04:44:24 UTC 2026","TestFilterMultipleNodes","test_multiple_nodes","",""
"","26534","test_relay_different_latency_between_two_nodes[7000]","tests.e2e","Tue Feb 10 04:46:48 UTC 2026","passed","Tue Feb 10 04:47:14 UTC 2026","TestNetworkConditions","test_network_conditions","",""
"","2642","test_filter_works_with_static_sharding","tests.sharding","Tue Feb 10 04:46:24 UTC 2026","passed","Tue Feb 10 04:46:27 UTC 2026","TestFilterStaticSharding","test_filter","",""
"","5287","test_2_receiving_nodes__relay_node1_forwards_lightpushed_message_to_filter_node2","tests.light_push","Tue Feb 10 04:49:37 UTC 2026","passed","Tue Feb 10 04:49:42 UTC 2026","TestMultipleNodes","test_multiple_nodes","",""
"","2632","test_2_nodes_different_content_topic_different_shard","tests.sharding","Tue Feb 10 04:46:28 UTC 2026","passed","Tue Feb 10 04:46:30 UTC 2026","TestRunningNodesAutosharding","test_running_nodes_auto_sharding","",""
"","1246","test_time_filter_invalid_start_time","tests.store","Tue Feb 10 04:46:21 UTC 2026","passed","Tue Feb 10 04:46:22 UTC 2026","TestTimeFilter","test_time_filter","",""
"","2032","test_filter_get_message_with_150_kb_payload","tests.filter","Tue Feb 10 04:45:12 UTC 2026","passed","Tue Feb 10 04:45:14 UTC 2026","TestFilterGetMessages","test_get_messages","",""
"","4285","test_check_sync_when_all_3_nodes_publish","tests.store_sync","Tue Feb 10 04:51:49 UTC 2026","passed","Tue Feb 10 04:51:53 UTC 2026","TestStoreSync","test_store_sync","",""
"","28228","test_node_without_sync_or_relay_stays_empty","tests.store_sync","Tue Feb 10 04:50:49 UTC 2026","passed","Tue Feb 10 04:51:17 UTC 2026","TestStoreSync","test_store_sync","",""
"","1248","test_time_filter_start_time_equals_end_time","tests.store","Tue Feb 10 04:46:16 UTC 2026","passed","Tue Feb 10 04:46:18 UTC 2026","TestTimeFilter","test_time_filter","",""
"","699","test_filter_unsubscribe_from_pubsub_topics","tests.filter","Tue Feb 10 04:47:51 UTC 2026","passed","Tue Feb 10 04:47:52 UTC 2026","TestFilterUnSubscribe","test_unsubscribe","",""
"","114","test_filter_get_message_with_version","tests.filter","Tue Feb 10 04:45:08 UTC 2026","passed","Tue Feb 10 04:45:09 UTC 2026","TestFilterGetMessages","test_get_messages","",""
"","96208","test_relay_4_nodes_two_publishers_compare_latency","tests.e2e","Tue Feb 10 04:45:06 UTC 2026","passed","Tue Feb 10 04:46:42 UTC 2026","TestNetworkConditions","test_network_conditions","",""
"","3519","test_relay_peers_on_shard_contains_connected_peer","tests.rest_flags","Tue Feb 10 04:48:24 UTC 2026","passed","Tue Feb 10 04:48:28 UTC 2026","TestAdminFlags","test_admin_flags","",""
"","420","test_messages_with_timestamps_far_from_now","tests.store","Tue Feb 10 04:47:15 UTC 2026","passed","Tue Feb 10 04:47:15 UTC 2026","TestTimeFilter","test_time_filter","",""
"","0","test_sync_nodes_are_relay","tests.store_sync","Tue Feb 10 04:55:20 UTC 2026","skipped","Tue Feb 10 04:55:20 UTC 2026","TestStoreSync","test_store_sync","",""
"","15591","test_relay_2_nodes_low_bandwidth_reliability","tests.e2e","Tue Feb 10 04:48:36 UTC 2026","passed","Tue Feb 10 04:48:52 UTC 2026","TestNetworkConditions","test_network_conditions","",""
"","6","test_store_with_unknown_pubsub_topic","tests.store","Tue Feb 10 04:55:19 UTC 2026","passed","Tue Feb 10 04:55:19 UTC 2026","TestTopics","test_topics","",""
"","94463","test_relay_packet_loss_correlated_vs_uncorrelated","tests.e2e","Tue Feb 10 04:47:15 UTC 2026","passed","Tue Feb 10 04:48:50 UTC 2026","TestNetworkConditions","test_network_conditions","",""
"","92823","test_filter_3_senders_multiple_msg_1_receiver","tests.e2e","Tue Feb 10 04:45:02 UTC 2026","passed","Tue Feb 10 04:46:34 UTC 2026","TestE2E","test_e2e","",""
"","5552","test_metrics_after_filter_get","tests.metrics","Tue Feb 10 04:46:31 UTC 2026","passed","Tue Feb 10 04:46:36 UTC 2026","TestMetrics","test_metrics","",""
"","17","test_filter_subscribe_with_invalid_content_topic_format","tests.filter","Tue Feb 10 04:49:21 UTC 2026","passed","Tue Feb 10 04:49:21 UTC 2026","TestFilterSubscribeCreate","test_subscribe_create","",""
"","4942","test_combination_of_different_nodes","tests.light_push","Tue Feb 10 04:44:31 UTC 2026","passed","Tue Feb 10 04:44:36 UTC 2026","TestMultipleNodes","test_multiple_nodes","",""
"","2622","test_2_nodes_different_content_topic_same_shard","tests.sharding","Tue Feb 10 04:46:29 UTC 2026","passed","Tue Feb 10 04:46:32 UTC 2026","TestRunningNodesAutosharding","test_running_nodes_auto_sharding","",""
"","4674","test_filter_get_message_after_one_peer_was_stopped","tests.filter","Tue Feb 10 04:48:58 UTC 2026","passed","Tue Feb 10 04:49:03 UTC 2026","TestFilterMultipleNodes","test_multiple_nodes","",""
"","5277","test_metrics_after_store_get","tests.metrics","Tue Feb 10 04:53:51 UTC 2026","passed","Tue Feb 10 04:53:56 UTC 2026","TestMetrics","test_metrics","",""
"","1475","test_store_node_paused_and_unpaused","tests.store","Tue Feb 10 04:50:13 UTC 2026","passed","Tue Feb 10 04:50:15 UTC 2026","TestReliability","test_reliability","",""
"","18","test_publish_with_invalid_payloads","tests.relay","Tue Feb 10 04:45:12 UTC 2026","passed","Tue Feb 10 04:45:12 UTC 2026","TestRelayPublish","test_publish","",""
"","31","test_light_push_with_invalid_timestamps","tests.light_push","Tue Feb 10 04:50:26 UTC 2026","passed","Tue Feb 10 04:50:26 UTC 2026","TestLightPushPublish","test_publish","",""
"","4120","test_all_nodes_subscribed_to_the_topic","tests.filter","Tue Feb 10 04:46:46 UTC 2026","passed","Tue Feb 10 04:46:50 UTC 2026","TestFilterMultipleNodes","test_multiple_nodes","",""
"","125","test_light_push_with_valid_meta","tests.light_push","Tue Feb 10 04:50:37 UTC 2026","passed","Tue Feb 10 04:50:37 UTC 2026","TestLightPushPublish","test_publish","",""
"","3610","test_publish_after_node1_restarts","tests.relay","Tue Feb 10 04:54:03 UTC 2026","passed","Tue Feb 10 04:54:07 UTC 2026","TestRelayPublish","test_publish","",""
"","3438","test_multiple_pubsub_topics_same_cluster","tests.sharding","Tue Feb 10 04:47:39 UTC 2026","passed","Tue Feb 10 04:47:42 UTC 2026","TestRunningNodesStaticSharding","test_running_nodes_static_sharding","",""
"","467","test_message_relayed_while_store_node_is_paused","tests.store","Tue Feb 10 04:51:38 UTC 2026","passed","Tue Feb 10 04:51:39 UTC 2026","TestReliability","test_reliability","",""
"","2614","test_content_topic_also_in_docker_flags[/toychat/2/huilong/proto]","tests.sharding","Tue Feb 10 04:46:35 UTC 2026","passed","Tue Feb 10 04:46:38 UTC 2026","TestRunningNodesStaticSharding","test_running_nodes_static_sharding","",""
"","127","test_last_node_to_start_publishes","tests.relay","Tue Feb 10 04:45:53 UTC 2026","passed","Tue Feb 10 04:45:53 UTC 2026","TestRelayMultipleNodes","test_multiple_nodes","",""
"","5273","test_filter","tests.discv5","Tue Feb 10 04:44:15 UTC 2026","passed","Tue Feb 10 04:44:20 UTC 2026","TestDiscv5","test_discv5","",""
"","2605","test_single_pubsub_topic[/waku/2/rs/999/999]","tests.sharding","Tue Feb 10 04:49:57 UTC 2026","passed","Tue Feb 10 04:50:00 UTC 2026","TestRunningNodesStaticSharding","test_running_nodes_static_sharding","",""
"","38119","test_store_sync_range_with_zero_jitter","tests.store_sync","Tue Feb 10 04:48:34 UTC 2026","passed","Tue Feb 10 04:49:12 UTC 2026","TestStoreSync","test_store_sync","",""
"","120","test_filter_unsubscribe_from_non_existing_pubsub_topic","tests.filter","Tue Feb 10 04:49:11 UTC 2026","passed","Tue Feb 10 04:49:11 UTC 2026","TestFilterUnSubscribe","test_unsubscribe","",""
"","25069","test_relay_4_nodes_sender_packet_loss","tests.e2e","Tue Feb 10 04:44:08 UTC 2026","passed","Tue Feb 10 04:44:33 UTC 2026","TestNetworkConditions","test_network_conditions","",""
"","420","test_get_store_duplicate_messages","tests.store","Tue Feb 10 04:48:01 UTC 2026","passed","Tue Feb 10 04:48:01 UTC 2026","TestGetMessages","test_get_messages","",""
"","2662","test_store_with_filter","tests.store","Tue Feb 10 04:49:41 UTC 2026","passed","Tue Feb 10 04:49:43 UTC 2026","TestRunningNodes","test_running_nodes","",""
"","129","test_message_published_on_different_pubsub_topic_is_not_retrieved","tests.relay","Tue Feb 10 04:46:00 UTC 2026","passed","Tue Feb 10 04:46:00 UTC 2026","TestRelayPublish","test_publish","",""
"","1250","test_time_filter_zero_end_time","tests.store","Tue Feb 10 04:47:23 UTC 2026","passed","Tue Feb 10 04:47:25 UTC 2026","TestTimeFilter","test_time_filter","",""
"","2986","test_on_postgress_db_with_one_message","tests.store","Tue Feb 10 04:48:43 UTC 2026","passed","Tue Feb 10 04:48:46 UTC 2026","TestExternalDb","test_external_db","",""
"","123218","test_store_sync_high_jitter_stress","tests.store_sync","Tue Feb 10 04:47:19 UTC 2026","passed","Tue Feb 10 04:49:22 UTC 2026","TestStoreSync","test_store_sync","",""
"","1255","test_time_filter_big_timestamp","tests.store","Tue Feb 10 04:47:00 UTC 2026","passed","Tue Feb 10 04:47:01 UTC 2026","TestTimeFilter","test_time_filter","",""
"","4405","test_resubscribe_to_unsubscribed_pubsub_topics","tests.sharding","Tue Feb 10 04:45:23 UTC 2026","passed","Tue Feb 10 04:45:27 UTC 2026","TestRelayStaticSharding","test_relay_static_sharding","",""
"","3441","test_multiple_content_topics_same_shard[content_topic_list1]","tests.sharding","Tue Feb 10 04:46:24 UTC 2026","passed","Tue Feb 10 04:46:28 UTC 2026","TestRunningNodesAutosharding","test_running_nodes_auto_sharding","",""
"","3243","test_log_level_WARN_from_NOTICE","tests.rest_flags","Tue Feb 10 04:46:05 UTC 2026","passed","Tue Feb 10 04:46:08 UTC 2026","TestAdminFlags","test_admin_flags","",""
"","5566","test_metrics_after_relay_publish","tests.metrics","Tue Feb 10 04:46:17 UTC 2026","passed","Tue Feb 10 04:46:23 UTC 2026","TestMetrics","test_metrics","",""
"","1285","test_messages_with_timestamps_close_to_now","tests.store","Tue Feb 10 04:49:54 UTC 2026","passed","Tue Feb 10 04:49:55 UTC 2026","TestTimeFilter","test_time_filter","",""
"","1960","test_get_store_messages_with_different_pubsub_topics","tests.store","Tue Feb 10 04:47:55 UTC 2026","passed","Tue Feb 10 04:47:57 UTC 2026","TestGetMessages","test_get_messages","",""
"","70537","test_sync_flags_node2_start_later","tests.store_sync","Tue Feb 10 04:52:05 UTC 2026","passed","Tue Feb 10 04:53:15 UTC 2026","TestStoreSync","test_store_sync","",""
"","4","test_filter_subscribe_with_extra_field","tests.filter","Tue Feb 10 04:47:07 UTC 2026","passed","Tue Feb 10 04:47:07 UTC 2026","TestFilterSubscribeCreate","test_subscribe_create","",""
"","121381","test_relay_packet_loss_sender_vs_receiver","tests.e2e","Tue Feb 10 04:43:54 UTC 2026","passed","Tue Feb 10 04:45:55 UTC 2026","TestNetworkConditions","test_network_conditions","",""
"","11","test_filter_subscribe_to_101_content_topics","tests.filter","Tue Feb 10 04:45:32 UTC 2026","passed","Tue Feb 10 04:45:32 UTC 2026","TestFilterSubscribeCreate","test_subscribe_create","",""
"","4","test_filter_update_subscription_with_extra_field","tests.filter","Tue Feb 10 04:44:41 UTC 2026","passed","Tue Feb 10 04:44:41 UTC 2026","TestFilterSubscribeUpdate","test_subscribe_update","",""
"","22","test_light_push_with_invalid_payloads","tests.light_push","Tue Feb 10 04:47:17 UTC 2026","passed","Tue Feb 10 04:47:17 UTC 2026","TestLightPushPublish","test_publish","",""
"","2496","test_cant_publish_on_not_subscribed_shard","tests.sharding","Tue Feb 10 04:51:06 UTC 2026","passed","Tue Feb 10 04:51:09 UTC 2026","TestRelayStaticSharding","test_relay_static_sharding","",""
"","0","test_valid_payloads_with_optional_nodes_at_spam_rate","tests.relay","Tue Feb 10 04:44:18 UTC 2026","skipped","Tue Feb 10 04:44:18 UTC 2026","TestRelayRLN","test_rln","",""
"","88674","test_relay_4_nodes_sender_packet_loss_delivery_ratio_simple[loss40]","tests.e2e","Tue Feb 10 04:44:36 UTC 2026","passed","Tue Feb 10 04:46:04 UTC 2026","TestNetworkConditions","test_network_conditions","",""
"","9399","test_metrics_after_light_push","tests.metrics","Tue Feb 10 04:49:22 UTC 2026","passed","Tue Feb 10 04:49:31 UTC 2026","TestMetrics","test_metrics","",""
"","2729","test_subscribe_and_publish_on_another_shard","tests.sharding","Tue Feb 10 04:54:21 UTC 2026","passed","Tue Feb 10 04:54:24 UTC 2026","TestRelayStaticSharding","test_relay_static_sharding","",""
"","74888","test_relay_7_nodes_3sec_latency","tests.e2e","Tue Feb 10 04:45:12 UTC 2026","passed","Tue Feb 10 04:46:27 UTC 2026","TestNetworkConditions","test_network_conditions","",""
"","266","test_relay_resubscribe_to_unsubscribed_pubsub_topic","tests.relay","Tue Feb 10 04:45:14 UTC 2026","passed","Tue Feb 10 04:45:15 UTC 2026","TestRelaySubscribe","test_subscribe","",""
"","1254","test_time_filter_small_timestamp","tests.store","Tue Feb 10 04:47:05 UTC 2026","passed","Tue Feb 10 04:47:06 UTC 2026","TestTimeFilter","test_time_filter","",""
"","175","test_message_light_pushed_on_different_pubsub_topic_is_not_retrieved","tests.light_push","Tue Feb 10 04:53:41 UTC 2026","passed","Tue Feb 10 04:53:41 UTC 2026","TestLightPushPublish","test_publish","",""
"","2604","test_single_content_topic[/toychat/2/huilong/proto]","tests.sharding","Tue Feb 10 04:49:54 UTC 2026","passed","Tue Feb 10 04:49:56 UTC 2026","TestRunningNodesAutosharding","test_running_nodes_auto_sharding","",""
"","2550","test_admin_set_all_log_levels","tests.rest_flags","Tue Feb 10 04:45:19 UTC 2026","passed","Tue Feb 10 04:45:22 UTC 2026","TestAdminFlags","test_admin_flags","",""
"","4","test_filter_subscribe_with_invalid_request_id","tests.filter","Tue Feb 10 04:50:04 UTC 2026","passed","Tue Feb 10 04:50:04 UTC 2026","TestFilterSubscribeCreate","test_subscribe_create","",""
"","0","test_valid_payloads_lightpush_at_spam_rate","tests.relay","Tue Feb 10 04:44:18 UTC 2026","skipped","Tue Feb 10 04:44:18 UTC 2026","TestRelayRLN","test_rln","",""
"","380","test_publish_after_node_pauses_and_pauses","tests.relay","Tue Feb 10 04:45:19 UTC 2026","passed","Tue Feb 10 04:45:19 UTC 2026","TestRelayPublish","test_publish","",""
"","0","test_valid_payloads_dynamic_at_spam_rate","tests.relay","Tue Feb 10 04:44:18 UTC 2026","skipped","Tue Feb 10 04:44:18 UTC 2026","TestRelayRLN","test_rln","",""
"","359","test_filter_unsubscribe_from_some_of_the_subscribed_content_topics","tests.filter","Tue Feb 10 04:45:30 UTC 2026","passed","Tue Feb 10 04:45:31 UTC 2026","TestFilterUnSubscribe","test_unsubscribe","",""
"","112","test_publish_with_valid_meta","tests.relay","Tue Feb 10 04:46:48 UTC 2026","passed","Tue Feb 10 04:46:48 UTC 2026","TestRelayPublish","test_publish","",""
"","1741","test_filter_get_50_messages","tests.filter","Tue Feb 10 04:49:55 UTC 2026","passed","Tue Feb 10 04:49:57 UTC 2026","TestFilterGetMessages","test_get_messages","",""
"","2072","test_negative_number_page_size","tests.store","Tue Feb 10 04:55:02 UTC 2026","passed","Tue Feb 10 04:55:05 UTC 2026","TestPageSize","test_page_size","",""
"","2080","test_passing_cursor_not_returned_in_paginationCursor","tests.store","Tue Feb 10 04:48:05 UTC 2026","passed","Tue Feb 10 04:48:07 UTC 2026","TestCursor","test_cursor","",""
"","25015","test_relay_different_latency_between_two_nodes[5000]","tests.e2e","Tue Feb 10 04:43:51 UTC 2026","passed","Tue Feb 10 04:44:16 UTC 2026","TestNetworkConditions","test_network_conditions","",""
"","66815","test_store_filter_interaction_with_six_nodes","tests.e2e","Tue Feb 10 04:44:02 UTC 2026","passed","Tue Feb 10 04:45:08 UTC 2026","TestE2E","test_e2e","",""
"","130","test_light_push_with_no_timestamp","tests.light_push","Tue Feb 10 04:45:02 UTC 2026","passed","Tue Feb 10 04:45:02 UTC 2026","TestLightPushPublish","test_publish","",""
"","27992","test_relay_2_nodes_temporary_blackout_recovers_no_helpers","tests.e2e","Tue Feb 10 04:45:04 UTC 2026","passed","Tue Feb 10 04:45:32 UTC 2026","TestNetworkConditions","test_network_conditions","",""
"","2503","test_publish_without_subscribing_via_api_works","tests.sharding","Tue Feb 10 04:49:08 UTC 2026","passed","Tue Feb 10 04:49:10 UTC 2026","TestRelayAutosharding","test_relay_auto_sharding","",""
"","4","test_publish_with_missing_payload","tests.relay","Tue Feb 10 04:45:15 UTC 2026","passed","Tue Feb 10 04:45:15 UTC 2026","TestRelayPublish","test_publish","",""
"","4540","test_filter_get_message_while_one_peer_is_paused","tests.filter","Tue Feb 10 04:53:22 UTC 2026","passed","Tue Feb 10 04:53:27 UTC 2026","TestFilterMultipleNodes","test_multiple_nodes","",""
"","5","test_filter_subscribe_with_invalid_pubsub_topic_format","tests.filter","Tue Feb 10 04:46:04 UTC 2026","passed","Tue Feb 10 04:46:04 UTC 2026","TestFilterSubscribeCreate","test_subscribe_create","",""
"","10","test_light_push_with_missing_content_topic","tests.light_push","Tue Feb 10 04:49:58 UTC 2026","passed","Tue Feb 10 04:49:58 UTC 2026","TestLightPushPublish","test_publish","",""
"","2713","test_main_node_relay_and_store__peer_relay_and_store","tests.store","Tue Feb 10 04:47:10 UTC 2026","passed","Tue Feb 10 04:47:13 UTC 2026","TestRunningNodes","test_running_nodes","",""
"","2541","test_unsubscribe_from_non_subscribed_pubsub_topics","tests.sharding","Tue Feb 10 04:45:43 UTC 2026","passed","Tue Feb 10 04:45:45 UTC 2026","TestRelayStaticSharding","test_relay_static_sharding","",""
"","1250","test_time_filter_start_time_after_end_time","tests.store","Tue Feb 10 04:52:30 UTC 2026","passed","Tue Feb 10 04:52:31 UTC 2026","TestTimeFilter","test_time_filter","",""
"","2554","test_content_topic_not_in_docker_flags","tests.sharding","Tue Feb 10 04:47:48 UTC 2026","passed","Tue Feb 10 04:47:50 UTC 2026","TestRunningNodesAutosharding","test_running_nodes_auto_sharding","",""
"","3483","test_relay_peers_on_shard_schema","tests.rest_flags","Tue Feb 10 04:50:18 UTC 2026","passed","Tue Feb 10 04:50:21 UTC 2026","TestAdminFlags","test_admin_flags","",""
"","265","test_filter_update_subscription_add_a_new_content_topic","tests.filter","Tue Feb 10 04:45:36 UTC 2026","passed","Tue Feb 10 04:45:36 UTC 2026","TestFilterSubscribeUpdate","test_subscribe_update","",""
"","4","test_filter_unsubscribe_with_pubsub_topic_string_instead_of_list","tests.filter","Tue Feb 10 04:44:48 UTC 2026","passed","Tue Feb 10 04:44:48 UTC 2026","TestFilterUnSubscribe","test_unsubscribe","",""
"","18","test_filter_update_subscription_with_invalid_content_topic_format","tests.filter","Tue Feb 10 04:49:29 UTC 2026","passed","Tue Feb 10 04:49:29 UTC 2026","TestFilterSubscribeUpdate","test_subscribe_update","",""
"","4","test_filter_unsubscribe_with_content_topic_string_instead_of_list","tests.filter","Tue Feb 10 04:45:50 UTC 2026","passed","Tue Feb 10 04:45:50 UTC 2026","TestFilterUnSubscribe","test_unsubscribe","",""
"","0","test_publish_and_retrieve_100_messages","tests.relay","Tue Feb 10 04:50:18 UTC 2026","skipped","Tue Feb 10 04:50:18 UTC 2026","TestRelayPublish","test_publish","",""
"","11","test_light_push_with_with_large_meta","tests.light_push","Tue Feb 10 04:46:09 UTC 2026","passed","Tue Feb 10 04:46:09 UTC 2026","TestLightPushPublish","test_publish","",""
"","3188","test_main_node_full__peer_full","tests.light_push","Tue Feb 10 04:46:10 UTC 2026","passed","Tue Feb 10 04:46:14 UTC 2026","TestRunningNodes","test_running_nodes","",""
"","648","test_filter_subscribe_to_multiple_pubsub_topic_from_same_cluster","tests.filter","Tue Feb 10 04:45:28 UTC 2026","passed","Tue Feb 10 04:45:28 UTC 2026","TestFilterSubscribeCreate","test_subscribe_create","",""
"","2080","test_passing_cursor_of_the_last_message_from_the_store","tests.store","Tue Feb 10 04:48:11 UTC 2026","passed","Tue Feb 10 04:48:13 UTC 2026","TestCursor","test_cursor","",""
"","3426","test_multiple_content_topics_same_shard[content_topic_list0]","tests.sharding","Tue Feb 10 04:46:20 UTC 2026","passed","Tue Feb 10 04:46:23 UTC 2026","TestRunningNodesAutosharding","test_running_nodes_auto_sharding","",""
"","0","test_light_push_and_retrieve_100_messages","tests.light_push","Tue Feb 10 04:53:48 UTC 2026","skipped","Tue Feb 10 04:53:48 UTC 2026","TestLightPushPublish","test_publish","",""
"","16167","test_get_peers","tests.peer_connection_management","Tue Feb 10 04:46:13 UTC 2026","passed","Tue Feb 10 04:46:29 UTC 2026","TestPeerStore","test_peer_store","",""
"","3276","test_message_relayed_while_store_node_is_stopped_and_removed","tests.store","Tue Feb 10 04:48:14 UTC 2026","passed","Tue Feb 10 04:48:18 UTC 2026","TestReliability","test_reliability","",""
"","123","test_filter_unsubscribe_from_non_existing_content_topic","tests.filter","Tue Feb 10 04:44:44 UTC 2026","passed","Tue Feb 10 04:44:45 UTC 2026","TestFilterUnSubscribe","test_unsubscribe","",""
"","5090","test_light_push_with_valid_payloads","tests.light_push","Tue Feb 10 04:47:23 UTC 2026","passed","Tue Feb 10 04:47:28 UTC 2026","TestLightPushPublish","test_publish","",""
"","2671","test_main_node_relay_and_store__peer_neither_relay_nor_store","tests.store","Tue Feb 10 04:49:31 UTC 2026","passed","Tue Feb 10 04:49:34 UTC 2026","TestRunningNodes","test_running_nodes","",""
"","1249","test_time_filter_matches_one_message","tests.store","Tue Feb 10 04:46:09 UTC 2026","passed","Tue Feb 10 04:46:10 UTC 2026","TestTimeFilter","test_time_filter","",""
"","103056","test_store_sync_after_partition_under_100_msgs","tests.store_sync","Tue Feb 10 04:53:16 UTC 2026","passed","Tue Feb 10 04:54:59 UTC 2026","TestStoreSync","test_store_sync","",""
"","368","test_filter_update_subscription_add_a_new_pubsub_topic","tests.filter","Tue Feb 10 04:45:43 UTC 2026","passed","Tue Feb 10 04:45:43 UTC 2026","TestFilterSubscribeUpdate","test_subscribe_update","",""
"","11","test_filter_update_subscription_add_101_new_content_topics","tests.filter","Tue Feb 10 04:49:25 UTC 2026","passed","Tue Feb 10 04:49:25 UTC 2026","TestFilterSubscribeUpdate","test_subscribe_update","",""
"","0","test_peer_store_content_after_node2_restarts","tests.peer_connection_management","Tue Feb 10 04:47:34 UTC 2026","skipped","Tue Feb 10 04:47:34 UTC 2026","TestPeerStore","test_peer_store","",""
"","3","test_publish_on_non_subscribed_pubsub_topic","tests.relay","Tue Feb 10 04:46:46 UTC 2026","passed","Tue Feb 10 04:46:46 UTC 2026","TestRelayPublish","test_publish","",""
"","36841","test_msg_stored_when_ephemeral_false","tests.e2e","Tue Feb 10 04:44:25 UTC 2026","passed","Tue Feb 10 04:45:02 UTC 2026","TestE2E","test_e2e","",""
"","10394","test_different_cursor_and_indexes[19-50]","tests.store","Tue Feb 10 04:46:39 UTC 2026","passed","Tue Feb 10 04:46:50 UTC 2026","TestCursor","test_cursor","",""
"","2","test_metadata_protocol_mounted_also_on_non_1_clusters","tests.logs","Tue Feb 10 04:45:56 UTC 2026","passed","Tue Feb 10 04:45:56 UTC 2026","TestLogs","test_logs","",""
"","16","test_relay_subscribe_with_invalid_pubsub_topic_format","tests.relay","Tue Feb 10 04:50:56 UTC 2026","passed","Tue Feb 10 04:50:56 UTC 2026","TestRelaySubscribe","test_subscribe","",""
"","5","test_filter_update_subscription_with_no_request_id","tests.filter","Tue Feb 10 04:45:47 UTC 2026","passed","Tue Feb 10 04:45:47 UTC 2026","TestFilterSubscribeUpdate","test_subscribe_update","",""
"","3896","test_lightpush","tests.discv5","Tue Feb 10 04:44:21 UTC 2026","passed","Tue Feb 10 04:44:25 UTC 2026","TestDiscv5","test_discv5","",""
"","645807","test_query_after_long_time","tests.store_sync","Tue Feb 10 04:51:02 UTC 2026","passed","Tue Feb 10 05:01:47 UTC 2026","TestStoreSync","test_store_sync","",""
"","1754","test_message_relayed_before_store_node_is_started","tests.store","Tue Feb 10 04:45:59 UTC 2026","passed","Tue Feb 10 04:46:01 UTC 2026","TestReliability","test_reliability","",""
"","31014","test_extreme_number_page_size","tests.store","Tue Feb 10 04:48:59 UTC 2026","passed","Tue Feb 10 04:49:30 UTC 2026","TestPageSize","test_page_size","",""
"","83133","test_store_sync_small_sync_range","tests.store_sync","Tue Feb 10 04:49:25 UTC 2026","passed","Tue Feb 10 04:50:48 UTC 2026","TestStoreSync","test_store_sync","",""
"","2508","test_publish_on_not_subscribed_content_topic_works","tests.sharding","Tue Feb 10 04:47:52 UTC 2026","passed","Tue Feb 10 04:47:55 UTC 2026","TestRelayAutosharding","test_relay_auto_sharding","",""
"","2660","test_node_uses_both_auto_and_regular_apis","tests.sharding","Tue Feb 10 04:47:51 UTC 2026","passed","Tue Feb 10 04:47:54 UTC 2026","TestRunningNodesAutosharding","test_running_nodes_auto_sharding","",""
"","210","test_store_not_include_data","tests.store","Tue Feb 10 04:48:12 UTC 2026","passed","Tue Feb 10 04:48:13 UTC 2026","TestApiFlags","test_api_flags","",""
"","2610","test_single_pubsub_topic[/waku/2/rs/5/999]","tests.sharding","Tue Feb 10 04:46:32 UTC 2026","passed","Tue Feb 10 04:46:34 UTC 2026","TestRunningNodesStaticSharding","test_running_nodes_static_sharding","",""
"","3678","test_filter_update_subscription_add_30_new_content_topics","tests.filter","Tue Feb 10 04:46:11 UTC 2026","passed","Tue Feb 10 04:46:15 UTC 2026","TestFilterSubscribeUpdate","test_subscribe_update","",""
"","243","test_filter_unsubscribe_from_all_subscribed_content_topics","tests.filter","Tue Feb 10 04:47:14 UTC 2026","passed","Tue Feb 10 04:47:14 UTC 2026","TestFilterUnSubscribe","test_unsubscribe","",""
"","4","test_filter_update_subscription_with_pubsub_topic_list_instead_of_string","tests.filter","Tue Feb 10 04:53:36 UTC 2026","passed","Tue Feb 10 04:53:36 UTC 2026","TestFilterSubscribeUpdate","test_subscribe_update","",""
"","10","test_light_push_on_non_subscribed_pubsub_topic","tests.light_push","Tue Feb 10 04:50:04 UTC 2026","passed","Tue Feb 10 04:50:04 UTC 2026","TestLightPushPublish","test_publish","",""
"","14581","test_relay_different_latency_between_two_nodes[1000]","tests.e2e","Tue Feb 10 04:46:03 UTC 2026","passed","Tue Feb 10 04:46:17 UTC 2026","TestNetworkConditions","test_network_conditions","",""
"","382","test_filter_subscribe_to_pubsub_topics_from_multiple_clusters","tests.filter","Tue Feb 10 04:47:03 UTC 2026","passed","Tue Feb 10 04:47:03 UTC 2026","TestFilterSubscribeCreate","test_subscribe_create","",""
"","3246","test_log_level_NOTICE_from_INFO","tests.rest_flags","Tue Feb 10 04:47:45 UTC 2026","passed","Tue Feb 10 04:47:48 UTC 2026","TestAdminFlags","test_admin_flags","",""
"","5","test_store_with_empty_pubsub_topics","tests.store","Tue Feb 10 04:49:23 UTC 2026","passed","Tue Feb 10 04:49:23 UTC 2026","TestTopics","test_topics","",""
"","0","test_get_peers_two_protocols","tests.peer_connection_management","Tue Feb 10 04:48:12 UTC 2026","skipped","Tue Feb 10 04:48:12 UTC 2026","TestPeerStore","test_peer_store","",""
"","3","test_filter_unsubscribe_all_with_invalid_request_id","tests.filter","Tue Feb 10 04:49:32 UTC 2026","passed","Tue Feb 10 04:49:32 UTC 2026","TestFilterUnSubscribeAll","test_unsubscribe_all","",""
"","3404","test_multiple_content_topics_different_shard","tests.sharding","Tue Feb 10 04:54:29 UTC 2026","passed","Tue Feb 10 04:54:32 UTC 2026","TestRunningNodesAutosharding","test_running_nodes_auto_sharding","",""
"","2036","test_publish_with_payload_less_than_150_kb","tests.relay","Tue Feb 10 04:45:04 UTC 2026","passed","Tue Feb 10 04:45:06 UTC 2026","TestRelayPublish","test_publish","",""
"","2626","test_single_content_topic[/waku/2/content/test.js]","tests.sharding","Tue Feb 10 04:54:25 UTC 2026","passed","Tue Feb 10 04:54:28 UTC 2026","TestRunningNodesAutosharding","test_running_nodes_auto_sharding","",""
"","9","test_store_with_not_valid_content_topic","tests.store","Tue Feb 10 04:49:18 UTC 2026","passed","Tue Feb 10 04:49:18 UTC 2026","TestTopics","test_topics","",""
"","4","test_light_push_with_invalid_meta","tests.light_push","Tue Feb 10 04:45:41 UTC 2026","passed","Tue Feb 10 04:45:41 UTC 2026","TestLightPushPublish","test_publish","",""
"","2725","test_main_node_only_relay__peer_only_relay","tests.store","Tue Feb 10 04:47:14 UTC 2026","passed","Tue Feb 10 04:47:17 UTC 2026","TestRunningNodes","test_running_nodes","",""
"","6432","test_static_shard_relay","tests.sharding","Tue Feb 10 04:54:12 UTC 2026","passed","Tue Feb 10 04:54:19 UTC 2026","TestMultipleNodes","test_multiple_nodes","",""
"","4327","test_unsubscribe_from_all_content_topics","tests.sharding","Tue Feb 10 04:49:11 UTC 2026","passed","Tue Feb 10 04:49:16 UTC 2026","TestRelayAutosharding","test_relay_auto_sharding","",""
"","423","test_different_page_size[1]","tests.store","Tue Feb 10 04:46:02 UTC 2026","passed","Tue Feb 10 04:46:03 UTC 2026","TestPageSize","test_page_size","",""
"","837","test_store_with_non_hex_hash","tests.store","Tue Feb 10 04:46:45 UTC 2026","passed","Tue Feb 10 04:46:46 UTC 2026","TestHashes","test_hashes","",""
"","240","test_relay_subscribe_to_already_existing_pubsub_topic","tests.relay","Tue Feb 10 04:45:18 UTC 2026","passed","Tue Feb 10 04:45:18 UTC 2026","TestRelaySubscribe","test_subscribe","",""
"","4161","test_different_cursor_and_indexes[3-20]","tests.store","Tue Feb 10 04:45:50 UTC 2026","passed","Tue Feb 10 04:45:55 UTC 2026","TestCursor","test_cursor","",""
"","25","test_filter_unsubscribe_all_on_peer_with_no_subscription","tests.filter","Tue Feb 10 04:44:52 UTC 2026","passed","Tue Feb 10 04:44:52 UTC 2026","TestFilterUnSubscribeAll","test_unsubscribe_all","",""
"","10","test_filter_unsubscribe_from_101_content_topics","tests.filter","Tue Feb 10 04:45:48 UTC 2026","passed","Tue Feb 10 04:45:48 UTC 2026","TestFilterUnSubscribe","test_unsubscribe","",""
"","3783","test_admin_peers_mesh_on_shard_contains_node2","tests.rest_flags","Tue Feb 10 04:46:49 UTC 2026","passed","Tue Feb 10 04:46:53 UTC 2026","TestAdminFlags","test_admin_flags","",""
"","8428","test_start_node_with_50_pubsub_topics","tests.sharding","Tue Feb 10 04:45:46 UTC 2026","passed","Tue Feb 10 04:45:55 UTC 2026","TestRunningNodesStaticSharding","test_running_nodes_static_sharding","",""
"","13037","test_relay_different_latency_between_two_nodes[200]","tests.e2e","Tue Feb 10 04:43:54 UTC 2026","passed","Tue Feb 10 04:44:07 UTC 2026","TestNetworkConditions","test_network_conditions","",""
"","6399","test_auto_shard_relay","tests.sharding","Tue Feb 10 04:50:57 UTC 2026","passed","Tue Feb 10 04:51:03 UTC 2026","TestMultipleNodes","test_multiple_nodes","",""
"","476","test_filter_subscribe_with_multiple_overlapping_content_topics","tests.filter","Tue Feb 10 04:47:40 UTC 2026","passed","Tue Feb 10 04:47:40 UTC 2026","TestFilterSubscribeCreate","test_subscribe_create","",""
"","125","test_light_push_with_valid_version","tests.light_push","Tue Feb 10 04:50:31 UTC 2026","passed","Tue Feb 10 04:50:31 UTC 2026","TestLightPushPublish","test_publish","",""
"","2466","test_admin_peer_by_id","tests.rest_flags","Tue Feb 10 04:47:57 UTC 2026","passed","Tue Feb 10 04:48:00 UTC 2026","TestAdminFlags","test_admin_flags","",""
"","4998","test_admin_peers_stats_counts","tests.rest_flags","Tue Feb 10 04:47:50 UTC 2026","passed","Tue Feb 10 04:47:55 UTC 2026","TestAdminFlags","test_admin_flags","",""
"","5107","test_light_push_with_valid_content_topics","tests.light_push","Tue Feb 10 04:45:58 UTC 2026","passed","Tue Feb 10 04:46:03 UTC 2026","TestLightPushPublish","test_publish","",""
"","16346","test_add_peers","tests.peer_connection_management","Tue Feb 10 04:47:53 UTC 2026","passed","Tue Feb 10 04:48:09 UTC 2026","TestPeerStore","test_peer_store","",""
"","3412","test_multiple_content_topics_and_multiple_pubsub_topics","tests.sharding","Tue Feb 10 04:54:33 UTC 2026","passed","Tue Feb 10 04:54:37 UTC 2026","TestRunningNodesAutosharding","test_running_nodes_auto_sharding","",""
"","14761","test_large_message_payload_sync","tests.store_sync","Tue Feb 10 04:50:16 UTC 2026","passed","Tue Feb 10 04:50:31 UTC 2026","TestStoreSync","test_store_sync","",""
"","51084","test_relay_4_nodes_sender_latency","tests.e2e","Tue Feb 10 04:46:34 UTC 2026","passed","Tue Feb 10 04:47:25 UTC 2026","TestNetworkConditions","test_network_conditions","",""
"","4385","test_unsubscribe_from_all_content_topics_one_by_one","tests.sharding","Tue Feb 10 04:48:05 UTC 2026","passed","Tue Feb 10 04:48:09 UTC 2026","TestRelayAutosharding","test_relay_auto_sharding","",""
"","102307","test_store_sync_long_chain","tests.store_sync","Tue Feb 10 04:55:20 UTC 2026","passed","Tue Feb 10 04:57:03 UTC 2026","TestStoreSync","test_store_sync","",""
"","966","test_light_push_with_payload_of_1_MB","tests.light_push","Tue Feb 10 04:47:33 UTC 2026","passed","Tue Feb 10 04:47:34 UTC 2026","TestLightPushPublish","test_publish","",""
"","3188","test_lightpush_node_with_relay_works_correctly","tests.light_push","Tue Feb 10 04:46:09 UTC 2026","passed","Tue Feb 10 04:46:12 UTC 2026","TestRunningNodes","test_running_nodes","",""
"","5526","test_light_push_while_peer_is_paused","tests.light_push","Tue Feb 10 04:46:02 UTC 2026","passed","Tue Feb 10 04:46:08 UTC 2026","TestLightPushPublish","test_publish","",""
"","3","test_filter_unsubscribe_with_no_pubsub_topic","tests.filter","Tue Feb 10 04:50:08 UTC 2026","passed","Tue Feb 10 04:50:08 UTC 2026","TestFilterUnSubscribe","test_unsubscribe","",""
"","38134","test_store_sync_range_with_jitter_catches_old_messages","tests.store_sync","Tue Feb 10 04:57:08 UTC 2026","passed","Tue Feb 10 04:57:46 UTC 2026","TestStoreSync","test_store_sync","",""
"","6692","test_multiple_receiving_nodes","tests.light_push","Tue Feb 10 04:49:45 UTC 2026","passed","Tue Feb 10 04:49:51 UTC 2026","TestMultipleNodes","test_multiple_nodes","",""
"","2701","test_publish_on_multiple_content_topics_and_only_after_fetch_them[content_topic_list1]","tests.sharding","Tue Feb 10 04:49:17 UTC 2026","passed","Tue Feb 10 04:49:19 UTC 2026","TestRelayAutosharding","test_relay_auto_sharding","",""
"","840","test_different_cursor_and_indexes[2-4]","tests.store","Tue Feb 10 04:54:48 UTC 2026","passed","Tue Feb 10 04:54:49 UTC 2026","TestCursor","test_cursor","",""
"","2617","test_retrieve_messages_without_subscribing_via_api","tests.sharding","Tue Feb 10 04:50:41 UTC 2026","passed","Tue Feb 10 04:50:44 UTC 2026","TestRelayAutosharding","test_relay_auto_sharding","",""
"","2623","test_sender_uses_regular_api_receiver_uses_auto_api","tests.sharding","Tue Feb 10 04:45:29 UTC 2026","passed","Tue Feb 10 04:45:31 UTC 2026","TestRunningNodesAutosharding","test_running_nodes_auto_sharding","",""
"","2598","test_single_pubsub_topic[/waku/2/rs/2/1]","tests.sharding","Tue Feb 10 04:45:32 UTC 2026","passed","Tue Feb 10 04:45:35 UTC 2026","TestRunningNodesStaticSharding","test_running_nodes_static_sharding","",""
"","4","test_publish_with_extra_field","tests.relay","Tue Feb 10 04:54:00 UTC 2026","passed","Tue Feb 10 04:54:00 UTC 2026","TestRelayPublish","test_publish","",""
"","1236","test_get_debug_version_is_string","tests.rest_flags","Tue Feb 10 04:50:23 UTC 2026","passed","Tue Feb 10 04:50:24 UTC 2026","TestDebugFlags","test_debug_flags","",""
"","113","test_publish_with_valid_version","tests.relay","Tue Feb 10 04:47:43 UTC 2026","passed","Tue Feb 10 04:47:43 UTC 2026","TestRelayPublish","test_publish","",""
"","147917","test_continuous_store_sync","tests.store_sync","Tue Feb 10 04:46:29 UTC 2026","passed","Tue Feb 10 04:48:57 UTC 2026","TestStoreSync","test_store_sync","",""
"","15","test_publish_with_invalid_content_topics","tests.relay","Tue Feb 10 04:45:59 UTC 2026","passed","Tue Feb 10 04:45:59 UTC 2026","TestRelayPublish","test_publish","",""
"","4475","test_subscribe_one_by_one_to_different_content_topics_and_send_messages","tests.sharding","Tue Feb 10 04:45:37 UTC 2026","passed","Tue Feb 10 04:45:42 UTC 2026","TestRelayAutosharding","test_relay_auto_sharding","",""
"","9","test_filter_ping_on_subscribed_peer","tests.filter","Tue Feb 10 04:53:32 UTC 2026","passed","Tue Feb 10 04:53:32 UTC 2026","TestFilterPing","test_ping","",""
"","3","test_publish_with_missing_content_topic","tests.relay","Tue Feb 10 04:46:42 UTC 2026","passed","Tue Feb 10 04:46:42 UTC 2026","TestRelayPublish","test_publish","",""
"","45","test_store_with_both_pubsub_topic_and_content_topic","tests.store","Tue Feb 10 04:49:48 UTC 2026","passed","Tue Feb 10 04:49:48 UTC 2026","TestTopics","test_topics","",""
"","209","test_message_with_ephemeral_true","tests.store","Tue Feb 10 04:54:52 UTC 2026","passed","Tue Feb 10 04:54:53 UTC 2026","TestEphemeral","test_ephemeral","",""
"","211","test_store_with_wrong_url_pubsub_topic","tests.store","Tue Feb 10 04:50:05 UTC 2026","passed","Tue Feb 10 04:50:06 UTC 2026","TestTopics","test_topics","",""
"","75456","test_relay_packet_loss_applied_mid_way","tests.e2e","Tue Feb 10 04:47:18 UTC 2026","passed","Tue Feb 10 04:48:34 UTC 2026","TestNetworkConditions","test_network_conditions","",""
"","1190","test_filter_unsubscribe_all_from_multiple_pubsub_topics","tests.filter","Tue Feb 10 04:45:52 UTC 2026","passed","Tue Feb 10 04:45:53 UTC 2026","TestFilterUnSubscribeAll","test_unsubscribe_all","",""
"","215","test_get_store_message_with_version","tests.store","Tue Feb 10 04:49:50 UTC 2026","passed","Tue Feb 10 04:49:50 UTC 2026","TestGetMessages","test_get_messages","",""
"","5175","test_relay","tests.discv5","Tue Feb 10 04:45:57 UTC 2026","passed","Tue Feb 10 04:46:02 UTC 2026","TestDiscv5","test_discv5","",""
"","414569","test_get_multiple_2000_store_messages","tests.store","Tue Feb 10 04:44:08 UTC 2026","passed","Tue Feb 10 04:51:02 UTC 2026","TestCursorManyMessages","test_cursor_many_msgs","",""
"","2612","test_pubsub_topic_not_in_docker_flags","tests.sharding","Tue Feb 10 04:49:32 UTC 2026","passed","Tue Feb 10 04:49:34 UTC 2026","TestRunningNodesStaticSharding","test_running_nodes_static_sharding","",""
"","2696","test_publish_on_multiple_content_topics_and_only_after_fetch_them[content_topic_list0]","tests.sharding","Tue Feb 10 04:48:10 UTC 2026","passed","Tue Feb 10 04:48:13 UTC 2026","TestRelayAutosharding","test_relay_auto_sharding","",""
"","0","test_valid_payload_at_variable_rate","tests.relay","Tue Feb 10 04:44:18 UTC 2026","skipped","Tue Feb 10 04:44:18 UTC 2026","TestRelayRLN","test_rln","",""
"","4","test_filter_unsubscribe_all_with_extra_field","tests.filter","Tue Feb 10 04:49:36 UTC 2026","passed","Tue Feb 10 04:49:36 UTC 2026","TestFilterUnSubscribeAll","test_unsubscribe_all","",""
"","37073","test_admin_relay_peers_contains_all_relay_peers","tests.rest_flags","Tue Feb 10 04:46:59 UTC 2026","passed","Tue Feb 10 04:47:36 UTC 2026","TestAdminFlags","test_admin_flags","",""
"","2525","test_main_node_relay_lightpush__peer_only_filter","tests.light_push","Tue Feb 10 04:47:30 UTC 2026","passed","Tue Feb 10 04:47:33 UTC 2026","TestRunningNodes","test_running_nodes","",""
"","0","test_valid_payloads_at_slow_rate","tests.relay","Tue Feb 10 04:44:18 UTC 2026","skipped","Tue Feb 10 04:44:18 UTC 2026","TestRelayRLN","test_rln","",""
"","842","test_relay_unsubscribe_from_some_pubsub_topics","tests.relay","Tue Feb 10 04:47:44 UTC 2026","passed","Tue Feb 10 04:47:45 UTC 2026","TestRelaySubscribe","test_subscribe","",""
"","1011","test_light_push_after_receiving_node_restarts","tests.light_push","Tue Feb 10 04:50:42 UTC 2026","passed","Tue Feb 10 04:50:43 UTC 2026","TestLightPushPublish","test_publish","",""
"","293","test_light_push_with_payload_less_than_150_kb","tests.light_push","Tue Feb 10 04:45:41 UTC 2026","passed","Tue Feb 10 04:45:41 UTC 2026","TestLightPushPublish","test_publish","",""
"","3059","test_filter_get_message_after_node2_restarts","tests.filter","Tue Feb 10 04:47:30 UTC 2026","passed","Tue Feb 10 04:47:33 UTC 2026","TestFilterGetMessages","test_get_messages","",""
"","834","test_store_with_empty_hashes","tests.store","Tue Feb 10 04:47:08 UTC 2026","passed","Tue Feb 10 04:47:09 UTC 2026","TestHashes","test_hashes","",""
"","38053","test_filter_node_not_connected_directly_to_lightpushing_node","tests.e2e","Tue Feb 10 04:44:34 UTC 2026","passed","Tue Feb 10 04:45:12 UTC 2026","TestE2E","test_e2e","",""
"","4411","test_unsubscribe_from_some_content_topics[content_topic_list1]","tests.sharding","Tue Feb 10 04:46:15 UTC 2026","passed","Tue Feb 10 04:46:19 UTC 2026","TestRelayAutosharding","test_relay_auto_sharding","",""
"","220","test_store_with_wrongPeerAddr","tests.store","Tue Feb 10 04:51:26 UTC 2026","passed","Tue Feb 10 04:51:27 UTC 2026","TestApiFlags","test_api_flags","",""
"","2083","test_invalid_page_size","tests.store","Tue Feb 10 04:46:54 UTC 2026","passed","Tue Feb 10 04:46:56 UTC 2026","TestPageSize","test_page_size","",""
"","2077","test_empty_cursor","tests.store","Tue Feb 10 04:50:56 UTC 2026","passed","Tue Feb 10 04:50:58 UTC 2026","TestCursor","test_cursor","",""
"","3238","test_log_level_FATAL_from_ERROR","tests.rest_flags","Tue Feb 10 04:45:19 UTC 2026","passed","Tue Feb 10 04:45:23 UTC 2026","TestAdminFlags","test_admin_flags","",""
"","8413","test_multiple_lightpush_nodes","tests.light_push","Tue Feb 10 04:47:01 UTC 2026","passed","Tue Feb 10 04:47:09 UTC 2026","TestMultipleNodes","test_multiple_nodes","",""
"","2600","test_single_content_topic[/app/20/sometopic/someencoding]","tests.sharding","Tue Feb 10 04:49:24 UTC 2026","passed","Tue Feb 10 04:49:27 UTC 2026","TestRunningNodesAutosharding","test_running_nodes_auto_sharding","",""
"","835","test_store_invalid_ascending","tests.store","Tue Feb 10 04:46:19 UTC 2026","passed","Tue Feb 10 04:46:19 UTC 2026","TestSorting","test_sorting","",""
"","837","test_store_with_excessive_length_hash","tests.store","Tue Feb 10 04:48:51 UTC 2026","passed","Tue Feb 10 04:48:52 UTC 2026","TestHashes","test_hashes","",""
"","25578","test_sync_flags_no_relay_2nodes","tests.store_sync","Tue Feb 10 04:46:25 UTC 2026","passed","Tue Feb 10 04:46:51 UTC 2026","TestStoreSync","test_store_sync","",""
"","3766","test_filter_subscribe_to_29_content_topics_in_separate_calls","tests.filter","Tue Feb 10 04:44:33 UTC 2026","passed","Tue Feb 10 04:44:37 UTC 2026","TestFilterSubscribeCreate","test_subscribe_create","",""
"","2731","test_main_node_relay_and_store__peer_only_store","tests.store","Tue Feb 10 04:49:05 UTC 2026","passed","Tue Feb 10 04:49:08 UTC 2026","TestRunningNodes","test_running_nodes","",""
"","3406","test_admin_relay_peers_schema","tests.rest_flags","Tue Feb 10 04:46:55 UTC 2026","passed","Tue Feb 10 04:46:58 UTC 2026","TestAdminFlags","test_admin_flags","",""
"","2684","test_lightpush_with_a_single_receiving_node","tests.light_push","Tue Feb 10 04:45:49 UTC 2026","passed","Tue Feb 10 04:45:52 UTC 2026","TestRunningNodes","test_running_nodes","",""
"","226","test_on_empty_postgress_db","tests.store","Tue Feb 10 04:48:46 UTC 2026","passed","Tue Feb 10 04:48:46 UTC 2026","TestExternalDb","test_external_db","",""
"","4","test_store_with_wrong_url_content_topic","tests.store","Tue Feb 10 04:50:00 UTC 2026","passed","Tue Feb 10 04:50:00 UTC 2026","TestTopics","test_topics","",""
"","2486","test_admin_service_peers_schema","tests.rest_flags","Tue Feb 10 04:46:11 UTC 2026","passed","Tue Feb 10 04:46:14 UTC 2026","TestAdminFlags","test_admin_flags","",""
"","2651","test_publish_on_multiple_pubsub_topics_and_only_after_fetch_them","tests.sharding","Tue Feb 10 04:47:44 UTC 2026","passed","Tue Feb 10 04:47:47 UTC 2026","TestRelayStaticSharding","test_relay_static_sharding","",""
"","260","test_relay_unsubscribe_from_non_existing_pubsub_topic","tests.relay","Tue Feb 10 04:54:11 UTC 2026","passed","Tue Feb 10 04:54:11 UTC 2026","TestRelaySubscribe","test_subscribe","",""
"","14092","test_relay_2_nodes_packet_reordering","tests.e2e","Tue Feb 10 04:48:53 UTC 2026","passed","Tue Feb 10 04:49:07 UTC 2026","TestNetworkConditions","test_network_conditions","",""
"","5149","test_store","tests.discv5","Tue Feb 10 04:43:48 UTC 2026","passed","Tue Feb 10 04:43:53 UTC 2026","TestDiscv5","test_discv5","",""
"","8887","test_sync_with_nodes_restart__case1","tests.store_sync","Tue Feb 10 04:48:36 UTC 2026","passed","Tue Feb 10 04:48:45 UTC 2026","TestStoreSync","test_store_sync","",""
"","830","test_store_with_non_hex_characters_in_hash","tests.store","Tue Feb 10 04:48:55 UTC 2026","passed","Tue Feb 10 04:48:56 UTC 2026","TestHashes","test_hashes","",""
"","4","test_publish_with_invalid_version","tests.relay","Tue Feb 10 04:50:17 UTC 2026","passed","Tue Feb 10 04:50:17 UTC 2026","TestRelayPublish","test_publish","",""
"","1462","test_publishing_node_paused_and_unpaused","tests.store","Tue Feb 10 04:47:04 UTC 2026","passed","Tue Feb 10 04:47:05 UTC 2026","TestReliability","test_reliability","",""
"","4","test_filter_subscribe_with_no_request_id","tests.filter","Tue Feb 10 04:47:44 UTC 2026","passed","Tue Feb 10 04:47:44 UTC 2026","TestFilterSubscribeCreate","test_subscribe_create","",""
"","70686","test_store_sync_indirect_node","tests.store_sync","Tue Feb 10 04:49:49 UTC 2026","passed","Tue Feb 10 04:51:00 UTC 2026","TestStoreSync","test_store_sync","",""
"","8298","test_different_page_size[39]","tests.store","Tue Feb 10 04:46:07 UTC 2026","passed","Tue Feb 10 04:46:15 UTC 2026","TestPageSize","test_page_size","",""
"","231","test_publish_with_ephemeral","tests.relay","Tue Feb 10 04:46:03 UTC 2026","passed","Tue Feb 10 04:46:04 UTC 2026","TestRelayPublish","test_publish","",""
"","4","test_filter_update_subscription_with_invalid_request_id","tests.filter","Tue Feb 10 04:49:08 UTC 2026","passed","Tue Feb 10 04:49:08 UTC 2026","TestFilterSubscribeUpdate","test_subscribe_update","",""
"","4","test_filter_subscribe_with_no_content_topic","tests.filter","Tue Feb 10 04:46:08 UTC 2026","passed","Tue Feb 10 04:46:08 UTC 2026","TestFilterSubscribeCreate","test_subscribe_create","",""
"","37187","test_store_node_not_connected_directly_to_relaying_node","tests.e2e","Tue Feb 10 04:44:23 UTC 2026","passed","Tue Feb 10 04:45:00 UTC 2026","TestE2E","test_e2e","",""
"","4377","test_filter_get_message_with_valid_payloads","tests.filter","Tue Feb 10 04:45:35 UTC 2026","passed","Tue Feb 10 04:45:40 UTC 2026","TestFilterGetMessages","test_get_messages","",""
"","2693","test_main_node_only_relay__peer_relay_and_store","tests.store","Tue Feb 10 04:46:03 UTC 2026","passed","Tue Feb 10 04:46:06 UTC 2026","TestRunningNodes","test_running_nodes","",""
"","4","test_light_push_with_extra_field","tests.light_push","Tue Feb 10 04:47:22 UTC 2026","passed","Tue Feb 10 04:47:22 UTC 2026","TestLightPushPublish","test_publish","",""
"","39073","test_store_no_peer_selected","tests.e2e","Tue Feb 10 04:44:00 UTC 2026","passed","Tue Feb 10 04:44:39 UTC 2026","TestE2E","test_e2e","",""
"","2480","test_admin_peers_stats_schema","tests.rest_flags","Tue Feb 10 04:45:16 UTC 2026","passed","Tue Feb 10 04:45:18 UTC 2026","TestAdminFlags","test_admin_flags","",""
"","2089","test_cursor_near_end","tests.store","Tue Feb 10 04:46:53 UTC 2026","passed","Tue Feb 10 04:46:55 UTC 2026","TestCursor","test_cursor","",""
"","4102","test_message_relayed_while_store_node_is_stopped_without_removing","tests.store","Tue Feb 10 04:48:07 UTC 2026","passed","Tue Feb 10 04:48:11 UTC 2026","TestReliability","test_reliability","",""
"","16","test_light_push_with_missing_pubsub_topics","tests.light_push","Tue Feb 10 04:47:40 UTC 2026","passed","Tue Feb 10 04:47:40 UTC 2026","TestLightPushPublish","test_publish","",""
"","22579","test_relay_with_latency_between_two_nodes","tests.e2e","Tue Feb 10 04:44:42 UTC 2026","passed","Tue Feb 10 04:45:05 UTC 2026","TestNetworkConditions","test_network_conditions","",""
"","799","test_relay_get_message_after_one_peer_was_stopped","tests.relay","Tue Feb 10 04:44:59 UTC 2026","passed","Tue Feb 10 04:44:59 UTC 2026","TestRelayMultipleNodes","test_multiple_nodes","",""
"","0","test_valid_payloads_at_spam_rate","tests.relay","Tue Feb 10 04:44:18 UTC 2026","skipped","Tue Feb 10 04:44:18 UTC 2026","TestRelayRLN","test_rln","",""
"","2739","test_subscribe_and_publish_on_another_content_topic_from_same_shard","tests.sharding","Tue Feb 10 04:48:01 UTC 2026","passed","Tue Feb 10 04:48:03 UTC 2026","TestRelayAutosharding","test_relay_auto_sharding","",""
"","224","test_optional_nodes_not_subscribed_to_same_pubsub_topic","tests.relay","Tue Feb 10 04:45:05 UTC 2026","passed","Tue Feb 10 04:45:05 UTC 2026","TestRelayMultipleNodes","test_multiple_nodes","",""
"","12859","test_static_shard_relay_10_nwaku_nodes","tests.sharding","Tue Feb 10 04:48:29 UTC 2026","passed","Tue Feb 10 04:48:42 UTC 2026","TestMultipleNodes","test_multiple_nodes","",""
"","113","test_filter_get_message_with_meta","tests.filter","Tue Feb 10 04:49:11 UTC 2026","passed","Tue Feb 10 04:49:11 UTC 2026","TestFilterGetMessages","test_get_messages","",""
"","86904","test_relay_4_nodes_sender_packet_loss_50_15sec_timeout","tests.e2e","Tue Feb 10 04:44:16 UTC 2026","passed","Tue Feb 10 04:45:43 UTC 2026","TestNetworkConditions","test_network_conditions","",""
"","0","test_valid_payloads_random_user_message_limit","tests.relay","Tue Feb 10 04:44:18 UTC 2026","skipped","Tue Feb 10 04:44:18 UTC 2026","TestRelayRLN","test_rln","",""
"","842","test_message_with_both_ephemeral_true_and_false","tests.store","Tue Feb 10 04:46:07 UTC 2026","passed","Tue Feb 10 04:46:08 UTC 2026","TestEphemeral","test_ephemeral","",""
"","3240","test_log_level_DEBUG_from_TRACE","tests.rest_flags","Tue Feb 10 04:45:24 UTC 2026","passed","Tue Feb 10 04:45:28 UTC 2026","TestAdminFlags","test_admin_flags","",""
"","432","test_light_push_after_node_pauses_and_pauses","tests.light_push","Tue Feb 10 04:45:47 UTC 2026","passed","Tue Feb 10 04:45:47 UTC 2026","TestLightPushPublish","test_publish","",""
"","266","test_filter_subscribe_refresh","tests.filter","Tue Feb 10 04:45:23 UTC 2026","passed","Tue Feb 10 04:45:23 UTC 2026","TestFilterSubscribeCreate","test_subscribe_create","",""
"","138","test_filter_subscribe_to_pubsub_topic_from_another_cluster_id","tests.filter","Tue Feb 10 04:46:00 UTC 2026","passed","Tue Feb 10 04:46:00 UTC 2026","TestFilterSubscribeCreate","test_subscribe_create","",""
"","0","test_valid_payloads_with_optional_nodes_at_slow_rate","tests.relay","Tue Feb 10 04:44:18 UTC 2026","skipped","Tue Feb 10 04:44:18 UTC 2026","TestRelayRLN","test_rln","",""
"","23747","test_relay_2_nodes_low_bandwidth_sending_over_time","tests.e2e","Tue Feb 10 04:46:19 UTC 2026","passed","Tue Feb 10 04:46:42 UTC 2026","TestNetworkConditions","test_network_conditions","",""
"","4149","test_different_cursor_and_indexes[19-20]","tests.store","Tue Feb 10 04:47:58 UTC 2026","passed","Tue Feb 10 04:48:02 UTC 2026","TestCursor","test_cursor","",""
"","4545","test_publish_with_valid_payloads","tests.relay","Tue Feb 10 04:50:48 UTC 2026","passed","Tue Feb 10 04:50:52 UTC 2026","TestRelayPublish","test_publish","",""
"","2662","test_2_nodes_different_cluster_different_shard","tests.sharding","Tue Feb 10 04:46:33 UTC 2026","passed","Tue Feb 10 04:46:36 UTC 2026","TestRunningNodesStaticSharding","test_running_nodes_static_sharding","",""
"","214","test_message_with_ephemeral_false","tests.store","Tue Feb 10 04:51:36 UTC 2026","passed","Tue Feb 10 04:51:36 UTC 2026","TestEphemeral","test_ephemeral","",""
"","4344","test_unsubscribe_from_some_content_topics[content_topic_list0]","tests.sharding","Tue Feb 10 04:47:56 UTC 2026","passed","Tue Feb 10 04:48:00 UTC 2026","TestRelayAutosharding","test_relay_auto_sharding","",""
"","44","test_store_with_one_content_topic","tests.store","Tue Feb 10 04:47:11 UTC 2026","passed","Tue Feb 10 04:47:12 UTC 2026","TestTopics","test_topics","",""
"","27","test_publish_while_peer_is_paused","tests.relay","Tue Feb 10 04:48:23 UTC 2026","passed","Tue Feb 10 04:48:23 UTC 2026","TestRelayPublish","test_publish","",""
"","6","test_store_is_empty","tests.store","Tue Feb 10 04:46:42 UTC 2026","passed","Tue Feb 10 04:46:42 UTC 2026","TestGetMessages","test_get_messages","",""
"","3091","test_filter_get_message_after_node1_restarts","tests.filter","Tue Feb 10 04:49:15 UTC 2026","passed","Tue Feb 10 04:49:18 UTC 2026","TestFilterGetMessages","test_get_messages","",""
"","13522","test_relay_different_latency_between_two_nodes[500]","tests.e2e","Tue Feb 10 04:46:42 UTC 2026","passed","Tue Feb 10 04:46:55 UTC 2026","TestNetworkConditions","test_network_conditions","",""
"","5868","test_sync_messages_received_via_lightpush","tests.store_sync","Tue Feb 10 04:47:34 UTC 2026","passed","Tue Feb 10 04:47:40 UTC 2026","TestStoreSync","test_store_sync","",""
"","4","test_filter_unsubscribe_with_extra_field","tests.filter","Tue Feb 10 04:49:15 UTC 2026","passed","Tue Feb 10 04:49:15 UTC 2026","TestFilterUnSubscribe","test_unsubscribe","",""
"","227","test_publish_and_retrieve_duplicate_message","tests.relay","Tue Feb 10 04:46:03 UTC 2026","passed","Tue Feb 10 04:46:03 UTC 2026","TestRelayPublish","test_publish","",""
"","3491","test_subscribe_one_by_one_to_different_pubsub_topics_and_send_messages","tests.sharding","Tue Feb 10 04:48:01 UTC 2026","passed","Tue Feb 10 04:48:05 UTC 2026","TestRelayStaticSharding","test_relay_static_sharding","",""
"","8296","test_different_cursor_and_indexes[10-40]","tests.store","Tue Feb 10 04:49:38 UTC 2026","passed","Tue Feb 10 04:49:46 UTC 2026","TestCursor","test_cursor","",""
"","43709","test_chain_of_relay_nodes","tests.e2e","Tue Feb 10 04:45:14 UTC 2026","passed","Tue Feb 10 04:45:57 UTC 2026","TestE2E","test_e2e","",""
"","17","test_relay_unsubscribe_with_invalid_pubsub_topic_format","tests.relay","Tue Feb 10 04:46:10 UTC 2026","passed","Tue Feb 10 04:46:10 UTC 2026","TestRelaySubscribe","test_subscribe","",""
"","6002","test_get_peers_for_filter_node","tests.peer_exchange","Tue Feb 10 04:46:32 UTC 2026","passed","Tue Feb 10 04:46:38 UTC 2026","TestPeerExchange","test_peer_exchange","",""
"","5285","test_resubscribe_to_unsubscribed_content_topics","tests.sharding","Tue Feb 10 04:47:28 UTC 2026","passed","Tue Feb 10 04:47:34 UTC 2026","TestRelayAutosharding","test_relay_auto_sharding","",""
"","2629","test_single_content_topic[/app/22/sometopic/someencoding]","tests.sharding","Tue Feb 10 04:46:16 UTC 2026","passed","Tue Feb 10 04:46:19 UTC 2026","TestRunningNodesAutosharding","test_running_nodes_auto_sharding","",""
"","41421","test_max_page_size","tests.store","Tue Feb 10 04:51:40 UTC 2026","passed","Tue Feb 10 04:52:21 UTC 2026","TestPageSize","test_page_size","",""
"","3206","test_log_level_ERROR_from_WARN","tests.rest_flags","Tue Feb 10 04:46:51 UTC 2026","passed","Tue Feb 10 04:46:54 UTC 2026","TestAdminFlags","test_admin_flags","",""
"","137","test_filter_subscribe_to_single_topics","tests.filter","Tue Feb 10 04:50:01 UTC 2026","passed","Tue Feb 10 04:50:01 UTC 2026","TestFilterSubscribeCreate","test_subscribe_create","",""
"","3304","test_subscribe_via_api_to_new_pubsub_topics","tests.sharding","Tue Feb 10 04:51:10 UTC 2026","passed","Tue Feb 10 04:51:13 UTC 2026","TestRelayStaticSharding","test_relay_static_sharding","",""
"","2077","test_store_sort_ascending[false]","tests.store","Tue Feb 10 04:55:12 UTC 2026","passed","Tue Feb 10 04:55:14 UTC 2026","TestSorting","test_sorting","",""
"","45345","test_relay_4_nodes_sender_packet_loss_delivery_ratio_simple[loss60]","tests.e2e","Tue Feb 10 04:49:05 UTC 2026","skipped","Tue Feb 10 04:49:50 UTC 2026","TestNetworkConditions","test_network_conditions","",""
"","0","test_valid_payloads_n1_with_rln_n2_without_rln_at_spam_rate","tests.relay","Tue Feb 10 04:44:18 UTC 2026","skipped","Tue Feb 10 04:44:18 UTC 2026","TestRelayRLN","test_rln","",""
"","193737","test_filter_20_senders_1_receiver","tests.e2e","Tue Feb 10 04:44:56 UTC 2026","passed","Tue Feb 10 04:48:10 UTC 2026","TestE2E","test_e2e","",""
"","6831","test_sync_with_one_node_with_delayed_start","tests.store_sync","Tue Feb 10 04:52:32 UTC 2026","passed","Tue Feb 10 04:52:39 UTC 2026","TestStoreSync","test_store_sync","",""
"","835","test_store_with_invalid_hash","tests.store","Tue Feb 10 04:46:59 UTC 2026","passed","Tue Feb 10 04:47:00 UTC 2026","TestHashes","test_hashes","",""
"","51164","test_store_sync_five_node_mesh_burst","tests.store_sync","Tue Feb 10 04:46:52 UTC 2026","passed","Tue Feb 10 04:47:43 UTC 2026","TestStoreSync","test_store_sync","",""
"","2742","test_main_node_only_relay__peer_only_store","tests.store","Tue Feb 10 04:51:40 UTC 2026","passed","Tue Feb 10 04:51:43 UTC 2026","TestRunningNodes","test_running_nodes","",""
"","3","test_filter_unsubscribe_with_no_content_topic","tests.filter","Tue Feb 10 04:47:18 UTC 2026","passed","Tue Feb 10 04:47:18 UTC 2026","TestFilterUnSubscribe","test_unsubscribe","",""
"","37009","test_filter_node_not_connected_directly_to_relaying_node","tests.e2e","Tue Feb 10 04:44:17 UTC 2026","passed","Tue Feb 10 04:44:54 UTC 2026","TestE2E","test_e2e","",""
"","25","test_publish_with_invalid_timestamps","tests.relay","Tue Feb 10 04:49:45 UTC 2026","passed","Tue Feb 10 04:49:45 UTC 2026","TestRelayPublish","test_publish","",""
"","8302","test_get_multiple_store_messages","tests.store","Tue Feb 10 04:51:02 UTC 2026","passed","Tue Feb 10 04:51:10 UTC 2026","TestGetMessages","test_get_messages","",""
"","32672","test_admin_connected_peers_scalar_types","tests.rest_flags","Tue Feb 10 04:46:55 UTC 2026","passed","Tue Feb 10 04:47:27 UTC 2026","TestAdminFlags","test_admin_flags","",""
"","2086","test_cursor_at_page_size_boundary","tests.store","Tue Feb 10 04:51:30 UTC 2026","passed","Tue Feb 10 04:51:32 UTC 2026","TestCursor","test_cursor","",""
"","19","test_filter_ping_on_peer_without_subscription","tests.filter","Tue Feb 10 04:46:59 UTC 2026","passed","Tue Feb 10 04:46:59 UTC 2026","TestFilterPing","test_ping","",""
"","3578","test_unsubscribe_from_all_pubsub_topics_one_by_one","tests.sharding","Tue Feb 10 04:46:24 UTC 2026","passed","Tue Feb 10 04:46:28 UTC 2026","TestRelayStaticSharding","test_relay_static_sharding","",""
